<?xml version="1.0" encoding="ISO-8859-1"?>
<epicerie>
	<listeFournisseur>
		<fournisseur>
			<F>f1</F>
			<Nom>Barnibus</Nom>
			<Remise>0,05</Remise>
			<Ville>Paris</Ville>
		</fournisseur>
		<fournisseur>
			<F>f2</F>
			<Nom>Mercier</Nom>
			<Remise>0,07</Remise>
			<Ville>Paris</Ville>
		</fournisseur>
		<fournisseur>
			<F>f3</F>
			<Nom>Colbert</Nom>
			<Remise>0,03</Remise>
			<Ville>Reims</Ville>
		</fournisseur>
		<fournisseur>
			<F>f4</F>
			<Nom>Bossuet</Nom>
			<Remise>0,06</Remise>
			<Ville>Dijon</Ville>
		</fournisseur>
		<fournisseur>
			<F>f5</F>
			<Nom>Tanguy</Nom>
			<Remise>0,1</Remise>
			<Ville>Riec</Ville>
		</fournisseur>
		<fournisseur>
			<F>f6</F>
			<Nom>Dupont</Nom>
			<Remise>0</Remise>
			<Ville>Paris</Ville>
		</fournisseur>
		<fournisseur>
			<F>f8</F>
			<Nom>bridoux</Nom>
			<Remise>0,045</Remise>
			<Ville>Vannes</Ville>
		</fournisseur>
	</listeFournisseur>
	<listeFourniture>
		<fourniture>
			<F>f1</F>
			<P>p1</P>
			<Qte>1</Qte>
		</fourniture>
		<fourniture>
			<F>f1</F>
			<P>p4</P>
			<Qte>1</Qte>
		</fourniture>
		<fourniture>
			<F>f1</F>
			<P>p5</P>
			<Qte>8</Qte>
		</fourniture>
		<fourniture>
			<F>f1</F>
			<P>p6</P>
			<Qte>2</Qte>
		</fourniture>
		<fourniture>
			<F>f2</F>
			<P>p2</P>
			<Qte>1</Qte>
		</fourniture>
		<fourniture>
			<F>f2</F>
			<P>p4</P>
			<Qte>1</Qte>
		</fourniture>
		<fourniture>
			<F>f3</F>
			<P>p2</P>
			<Qte>5</Qte>
		</fourniture>
		<fourniture>
			<F>f3</F>
			<P>p4</P>
			<Qte>1</Qte>
		</fourniture>
		<fourniture>
			<F>f4</F>
			<P>p3</P>
			<Qte>4</Qte>
		</fourniture>
		<fourniture>
			<F>f4</F>
			<P>p4</P>
			<Qte>2</Qte>
		</fourniture>
		<fourniture>
			<F>f4</F>
			<P>p5</P>
			<Qte>7</Qte>
		</fourniture>
		<fourniture>
			<F>f4</F>
			<P>p6</P>
			<Qte>3</Qte>
		</fourniture>
		<fourniture>
			<F>f5</F>
			<P>p3</P>
			<Qte>10</Qte>
		</fourniture>
	</listeFourniture>
	<listeProduit>
		<produit>
			<P>p1</P>
			<Nom_p>cassis</Nom_p>
			<Couleur>rouge</Couleur>
			<Origine>Dijon</Origine>
		</produit>
		<produit>
			<P>p2</P>
			<Nom_p>champagne</Nom_p>
			<Couleur>blanc</Couleur>
			<Origine>Reims</Origine>
		</produit>
		<produit>
			<P>p3</P>
			<Nom_p>huitre</Nom_p>
			<Couleur>vert</Couleur>
			<Origine>Riec</Origine>
		</produit>
		<produit>
			<P>p4</P>
			<Nom_p>moutarde</Nom_p>
			<Couleur>jaune</Couleur>
			<Origine>Dijon</Origine>
		</produit>
		<produit>
			<P>p5</P>
			<Nom_p>salade</Nom_p>
			<Couleur>vert</Couleur>
			<Origine>Nice</Origine>
		</produit>
		<produit>
			<P>p6</P>
			<Nom_p>cornichon</Nom_p>
			<Couleur>vert</Couleur>
			<Origine>Dijon</Origine>
		</produit>
		<produit>
			<P>p7</P>
			<Nom_p>muscadet</Nom_p>
			<Couleur>blanc</Couleur>
			<Origine>Nantes</Origine>
		</produit>
	</listeProduit>
</epicerie>
