<?xml version="1.0" encoding="windows-1252"?>
<listeFourniture>
	<fourniture>
		<F>f1</F>
		<P>p1</P>
		<Qte>1</Qte>
	</fourniture>
	<fourniture>
		<F>f1</F>
		<P>p4</P>
		<Qte>1</Qte>
	</fourniture>
	<fourniture>
		<F>f1</F>
		<P>p5</P>
		<Qte>8</Qte>
	</fourniture>
	<fourniture>
		<F>f1</F>
		<P>p6</P>
		<Qte>2</Qte>
	</fourniture>
	<fourniture>
		<F>f2</F>
		<P>p2</P>
		<Qte>1</Qte>
	</fourniture>
	<fourniture>
		<F>f2</F>
		<P>p4</P>
		<Qte>1</Qte>
	</fourniture>
	<fourniture>
		<F>f3</F>
		<P>p2</P>
		<Qte>5</Qte>
	</fourniture>
	<fourniture>
		<F>f3</F>
		<P>p4</P>
		<Qte>1</Qte>
	</fourniture>
	<fourniture>
		<F>f4</F>
		<P>p3</P>
		<Qte>4</Qte>
	</fourniture>
	<fourniture>
		<F>f4</F>
		<P>p4</P>
		<Qte>2</Qte>
	</fourniture>
	<fourniture>
		<F>f4</F>
		<P>p5</P>
		<Qte>7</Qte>
	</fourniture>
	<fourniture>
		<F>f4</F>
		<P>p6</P>
		<Qte>3</Qte>
	</fourniture>
	<fourniture>
		<F>f5</F>
		<P>p3</P>
		<Qte>10</Qte>
	</fourniture>
</listeFourniture>
